Project Type,Location,Vintage,Co-Benefits,Base Price,Price
Methane Capture,Africa,2017,Medium,9.69809391605261,9.387754910738927
Energy Efficiency,Africa,2014,Medium,7.2059277584988255,6.341216427478967
Reforestation,Africa,2001,Medium,12.317767957886097,13.00756296352772
Methane Capture,South America,2009,None,6.95071673766708,8.410367252577169
Methane Capture,North America,2022,None,17.532203545734916,25.071051070400934
Energy Efficiency,South America,2011,High,10.555954794129597,15.095015355605327
Reforestation,North America,2016,High,10.622053516726945,21.541524531922246
Reforestation,South America,2007,None,12.110096427247338,15.985327283966487
Methane Capture,South America,2010,High,11.661915697486275,18.344193392145915
Renewable Energy,Europe,2002,Low,19.92286959588982,37.65422353623176
Methane Capture,South America,2005,Low,13.180716818274538,16.746100717617804
Methane Capture,Asia,2008,None,6.3230255568480604,6.955328112532867
Methane Capture,Europe,2005,High,14.10316012365395,24.20102277219018
Methane Capture,South America,2008,Medium,7.273764393048199,9.681380407147154
Energy Efficiency,Africa,2006,Low,5.46406467097013,4.58981432361491
Reforestation,Asia,2008,None,19.561132305158722,23.473358766190465
Energy Efficiency,Asia,2017,High,16.603083373018457,21.584008384923994
Energy Efficiency,Asia,2011,None,19.701634886206506,19.701634886206506
Energy Efficiency,Europe,2007,Medium,12.168176720333637,16.0619932708404
Methane Capture,South America,2007,Low,12.983862967234643,16.495997899871618
Renewable Energy,South America,2017,None,7.525054338786953,12.416339658998474
Reforestation,Africa,2019,None,8.703611400013784,8.355466944013234
Renewable Energy,Africa,2014,None,17.57823822354242,21.093885868250908
Energy Efficiency,Asia,2006,Medium,10.342784706763911,11.377063177440304
Energy Efficiency,Africa,2010,None,17.402224606946284,13.921779685557027
Renewable Energy,Europe,2019,Medium,15.635205864305476,30.957707611324846
Renewable Energy,South America,2015,Medium,7.6575638790779825,13.898478440526539
Renewable Energy,Asia,2003,Medium,12.611695491796132,20.80929756146362
Energy Efficiency,Africa,2005,Low,15.160809822780752,12.735080251135834
Energy Efficiency,Europe,2021,Low,8.525558222057377,10.742203359792295
Reforestation,Europe,2002,None,17.46032765780115,25.142871827233655
Reforestation,Africa,2008,None,13.172414863177803,12.64551826865069
Energy Efficiency,South America,2009,Low,7.478630756639048,8.637818523918101
Renewable Energy,Africa,2013,High,13.744766392469037,21.441835572251698
Renewable Energy,Asia,2010,Low,19.99570706233871,31.49323862318347
Reforestation,Africa,2017,Medium,7.257822374951203,7.664260427948471
Energy Efficiency,Europe,2021,Low,17.25135395179292,21.73670597925908
Reforestation,Africa,2011,Medium,8.10963504781337,8.563774610490919
Reforestation,South America,2022,None,16.73582494190131,22.09128892330973
Methane Capture,North America,2011,High,16.0186688468212,29.778705386240613
Methane Capture,Africa,2012,None,9.507340784006486,8.366459889925709
Methane Capture,South America,2024,Medium,9.887346763466748,13.160058542174246
Renewable Energy,South America,2012,Medium,16.887820879443787,30.651394896190478
Energy Efficiency,Europe,2018,Medium,11.92168267830969,15.736621135368791
Energy Efficiency,South America,2018,High,15.962270430677131,22.8260467158683
Energy Efficiency,South America,2022,Low,7.219762210487522,8.338825353113089
Energy Efficiency,South America,2013,None,17.7883667285233,19.567203401375632
Methane Capture,South America,2003,None,15.663270750234787,18.952557607784094
Renewable Energy,Asia,2012,Low,18.604142132522508,29.30152385872295
Renewable Energy,Asia,2007,None,6.985585685524587,10.47837852828688
Methane Capture,Europe,2022,High,13.895217505408965,23.844193239281783
Renewable Energy,Africa,2020,None,13.986808775604878,16.784170530725856
Methane Capture,South America,2022,Medium,10.301911108201736,13.711843685016515
Energy Efficiency,Africa,2018,Low,11.876996368538867,9.97667694957265
Methane Capture,Africa,2011,High,5.569723449347802,6.371763626053887
Energy Efficiency,Europe,2017,Low,16.18790057940518,20.396754730050525
Energy Efficiency,South America,2005,High,13.239837191047611,18.932967183198084
Reforestation,South America,2017,Medium,5.8661157780376065,8.517600109710605
Methane Capture,North America,2018,Low,15.211338394407283,22.839824599202544
Reforestation,Africa,2021,None,12.00173115846782,11.521661912129106
Methane Capture,Africa,2004,High,5.516918891375,6.311355211733002
Methane Capture,Asia,2023,Low,19.54411590272143,22.573453867643252
Reforestation,North America,2008,None,19.236682146341607,30.00922414829291
Reforestation,Asia,2002,Low,12.693536242207964,15.993855665182034
Methane Capture,Asia,2009,Low,6.405086310588652,7.397874688729895
Renewable Energy,Asia,2018,Low,16.319318323978877,25.702926360266733
Energy Efficiency,Europe,2002,High,12.378966501585936,19.311187742474058
Reforestation,Europe,2021,None,9.5367121743407,13.732865531050606
Energy Efficiency,Asia,2014,Medium,12.371272662928352,13.608399929221187
Renewable Energy,North America,2000,High,12.836662181081966,32.54093862904279
Renewable Energy,Africa,2006,High,13.440675485335088,20.96745375712274
Renewable Energy,North America,2011,High,11.618355704829899,29.4525317117438
Reforestation,South America,2016,Medium,14.08632954708585,20.453350502368657
Renewable Energy,Europe,2020,None,18.78102065909566,33.80583718637219
Reforestation,Africa,2023,None,10.434021306478868,10.016660454219714
Renewable Energy,Africa,2019,None,15.885746948299236,19.062896337959085
Energy Efficiency,South America,2004,Low,18.416788352363483,21.271390546979827
Energy Efficiency,South America,2003,Low,11.839689136399054,13.67484095254091
Methane Capture,Asia,2011,Low,11.651837545728561,13.45787236531649
Energy Efficiency,Europe,2019,Medium,14.031754780321693,18.521916310024636
Methane Capture,Europe,2023,Low,13.871101391337321,19.225346528393526
Energy Efficiency,North America,2017,Medium,17.098840134894154,24.451341392898645
Reforestation,Asia,2016,None,12.14725075667439,14.576700908009268
Energy Efficiency,Asia,2018,Low,19.941844244591618,20.9389364568212
Methane Capture,Asia,2008,Low,5.892073533009212,6.80534493062564
Methane Capture,Asia,2003,High,5.047517728710526,7.217950352056053
Renewable Energy,Europe,2020,Medium,14.602974673394357,28.91388985332083
Reforestation,Europe,2001,None,9.47652368542815,13.646194107016536
Energy Efficiency,Asia,2003,High,8.605735830492257,11.187456579639935
Renewable Energy,North America,2001,High,9.678486200064206,24.534962517162764
Energy Efficiency,Africa,2014,None,8.840713476574315,7.0725707812594525
Energy Efficiency,Africa,2001,High,5.461850744906718,5.680324774702987
Renewable Energy,North America,2003,Medium,19.57299563585883,41.9840756389172
Renewable Energy,Asia,2005,Medium,8.311182326791727,13.71345083920635
Renewable Energy,Europe,2006,Low,16.010446438839594,30.259743769406835
Renewable Energy,Africa,2009,High,16.43894592041263,25.6447556358437
Renewable Energy,South America,2018,Low,18.93886097010844,32.81157663071288
Energy Efficiency,South America,2018,High,5.4582418564007,7.805285854653001
Renewable Energy,North America,2021,Medium,18.080725076705114,38.78315528953248
Reforestation,Asia,2011,Medium,12.908392712597003,17.039078380628045
Methane Capture,Africa,2002,Medium,14.488161649487418,14.024540476703823
Renewable Energy,Asia,2012,High,14.667054156815505,28.600755605790237
Renewable Energy,Africa,2017,Medium,17.29696707477091,22.83199653869761
Energy Efficiency,North America,2007,High,10.001109832386657,16.90187561673345
Renewable Energy,North America,2020,Low,15.9957678478999,32.75133466857505
Renewable Energy,South America,2014,High,12.928671645832956,27.732000680311696
Renewable Energy,Asia,2000,Low,16.900910214580215,26.618933587963838
Energy Efficiency,South America,2002,High,19.858190491552,28.39721240291936
Renewable Energy,Asia,2007,Low,8.009765261056419,12.61538028616386
Methane Capture,South America,2003,Medium,19.919729623399967,26.51316012874536
Energy Efficiency,Europe,2015,Low,6.347182314241611,7.9974497159444295
Methane Capture,Europe,2022,Medium,5.034763218572208,7.3104761933668465
Energy Efficiency,Europe,2009,Medium,5.662429042667469,7.474406336321059
Renewable Energy,Europe,2011,Low,10.126736071051425,19.139531174287196
Methane Capture,Africa,2013,High,14.493594960176512,16.580672634441935
Energy Efficiency,Europe,2013,High,6.035443113317744,9.415291256775681
Reforestation,North America,2001,None,5.084987217943509,7.932580059991874
Renewable Energy,North America,2022,High,19.05636542688192,48.30788635714567
Energy Efficiency,Africa,2004,None,17.328899539098945,13.863119631279156
Reforestation,Europe,2004,High,17.137747567085466,32.08186344558399
Energy Efficiency,Europe,2005,High,18.266364132529656,28.495528046746262
Reforestation,Europe,2012,Medium,15.500514091581566,24.552814321065203
Renewable Energy,South America,2008,None,6.566061946221222,10.834002211265016
Methane Capture,Asia,2021,High,10.986502821105846,15.710699034181362
Reforestation,South America,2014,None,15.847242296969442,20.918359831999666
Energy Efficiency,Asia,2013,Medium,9.205016911872814,10.125518603060096
Renewable Energy,Europe,2023,Medium,15.311095462043564,30.315969014846257
Reforestation,Europe,2006,None,5.367476724014785,7.72916648258129
Energy Efficiency,South America,2024,Medium,9.592060113193899,11.606392736964619
Energy Efficiency,South America,2019,Low,13.23695504415759,15.288683076002018
Energy Efficiency,Asia,2001,Low,14.481347442593634,15.205414814723316
Reforestation,North America,2006,Medium,13.655609966928662,23.433026703249585
Reforestation,Asia,2005,Low,15.466344141101443,19.487593617787816
Reforestation,South America,2016,High,5.091331223597586,8.736724379693458
Methane Capture,South America,2024,None,6.5141179996628225,7.882082779592016
Reforestation,Africa,2024,High,18.034163784187175,22.506636402665595
Reforestation,South America,2001,None,15.226229661352418,20.098623152985194
Reforestation,Africa,2002,Medium,6.69397464029017,7.0688372201464205
Methane Capture,North America,2004,High,17.63111656097869,32.77624568685939
Reforestation,Asia,2004,Medium,8.633468267368503,11.396178112926425
Energy Efficiency,Asia,2000,Medium,12.173898262928352,13.391288089221188
Reforestation,Africa,2007,None,7.177947693269904,6.8908297855391085
Energy Efficiency,Asia,2011,None,15.6516508463256,15.6516508463256
Energy Efficiency,South America,2023,None,15.002816315214018,16.50309794673542
Energy Efficiency,Europe,2003,High,8.166687067492042,12.740031825287586
Methane Capture,Africa,2012,Low,17.951011502855028,16.586734628638048
Methane Capture,Asia,2022,None,11.019590363295682,12.121549399625252
Methane Capture,Africa,2014,None,9.387726366061127,8.261199202133794
Reforestation,Africa,2010,High,7.2849438419680315,9.091609914776104
Energy Efficiency,Europe,2009,None,8.992520187733062,10.791024225279674
Methane Capture,South America,2002,High,5.330403818357255,8.384725206275965
Methane Capture,Africa,2021,Medium,13.748862386841733,13.3088987904628
Reforestation,Asia,2013,None,17.63346119515922,21.160153434191063
Methane Capture,North America,2015,None,13.234706741624628,18.92563064052322
Reforestation,Africa,2009,Medium,8.289109428858136,8.753299556874193
Renewable Energy,Africa,2009,Medium,5.505037673208091,7.266649728634682
Methane Capture,Europe,2011,Medium,8.219421098882043,11.934599435576729
Renewable Energy,South America,2008,None,11.241821421066385,18.54900534475954
Reforestation,North America,2000,Low,16.394171430496947,26.853652803154
Energy Efficiency,Asia,2004,Low,7.817642788066612,8.208524927469943
Methane Capture,North America,2019,Low,15.796871800320291,23.71900300818092
Reforestation,Asia,2007,None,18.004002025278254,21.604802430333905
Energy Efficiency,South America,2010,Medium,11.809202721625356,14.289135293166682
Energy Efficiency,Asia,2011,None,17.3214798746389,17.3214798746389
Renewable Energy,Europe,2000,Medium,13.319860220526433,26.373323236642335
Reforestation,Europe,2024,None,14.556362556213575,20.961162080947545
Energy Efficiency,Europe,2021,None,12.89417690507304,15.473012286087648
Methane Capture,Europe,2019,Medium,11.947590751270127,17.347901770844224
Methane Capture,North America,2024,Low,8.51980162663774,12.79248214239657
Renewable Energy,South America,2010,Medium,9.547910891915691,17.329458268826983
Energy Efficiency,Asia,2004,High,9.349551784154135,12.154417319400377
Reforestation,Asia,2014,High,13.44933396430722,20.980960984319264
Methane Capture,Europe,2004,Medium,6.799305395358349,9.872591434060325
Energy Efficiency,Europe,2011,None,18.751875360535028,22.502250432642033
Energy Efficiency,Africa,2004,High,15.8098271792467,16.44222026641657
Renewable Energy,South America,2016,High,11.021684463697905,23.641513174632006
Methane Capture,North America,2016,None,7.379362167895669,10.552487900090808
Methane Capture,Asia,2023,None,18.229882545824537,20.052870800406993
Reforestation,Africa,2011,Low,17.356671351517477,17.495524722329616
Methane Capture,Africa,2023,None,15.82582329075769,13.926724495866768
Reforestation,Asia,2014,Medium,9.073205711168637,11.9766315387426
Methane Capture,North America,2014,Medium,11.036699561505035,17.360728410247425
Renewable Energy,Africa,2005,Low,6.54122378678635,8.241941971350801
Methane Capture,Africa,2011,High,7.835592870912976,8.963918244324447
Reforestation,South America,2019,High,16.745249559750995,28.734848244532714
Reforestation,North America,2017,None,15.725580782760257,24.531906021106
Renewable Energy,Africa,2013,Medium,13.90228644463902,18.35101810692351
Methane Capture,North America,2001,High,18.435900888892593,34.27233975245134
Methane Capture,Asia,2008,Low,13.74899776719568,15.880092421111014
Renewable Energy,Europe,2004,Low,12.00451999945416,22.688542798968363
Methane Capture,Africa,2019,Medium,10.10556119458644,9.782183236359675
Methane Capture,South America,2000,Low,19.106727586042588,24.275097398067114
Reforestation,Asia,2022,Low,6.240731922865303,7.863322222810281
Methane Capture,North America,2002,Medium,18.963310580912125,29.82928754377478
Methane Capture,Asia,2005,None,17.400719898965274,19.140791888861802
Renewable Energy,Africa,2004,None,6.94894886803552,8.338738641642625
Renewable Energy,North America,2020,Low,13.474765365128803,27.589582085101227
Energy Efficiency,Europe,2004,None,17.998219726236304,21.597863671483562
Reforestation,Asia,2000,None,13.577137454107305,16.292564944928767
Methane Capture,Africa,2016,Low,18.607997323409336,17.19378952683023
Methane Capture,South America,2018,None,19.144757252240638,23.165156275211174
Energy Efficiency,North America,2013,Low,11.335767832764589,15.473323091723664
Methane Capture,Asia,2011,High,10.659704921094853,15.243378037165641
Reforestation,Asia,2009,Medium,19.04481730953735,25.139158848589304
Energy Efficiency,Europe,2019,Medium,15.127100917245022,19.96777321076343
Reforestation,Europe,2020,None,6.7403402202225395,9.706089917120456
Energy Efficiency,South America,2017,None,5.634376238340218,6.1978138621742405
Energy Efficiency,South America,2023,None,13.469435764958947,14.816379341454843
Renewable Energy,Africa,2010,Medium,18.952564481576367,25.017385115680806
Reforestation,Africa,2001,High,17.663730536087275,22.044335709036925
Methane Capture,South America,2024,High,15.137716196965046,23.811627577826027
Methane Capture,South America,2017,Medium,7.086737733366313,9.432447923110566
Reforestation,North America,2024,High,8.813470756230434,17.87371869363532
Methane Capture,Europe,2006,Medium,18.13266839828924,26.328634514315983
Methane Capture,Africa,2023,High,7.742108549853507,8.856972181032413
Reforestation,Europe,2014,Low,9.176591123756518,13.875005779119855
Energy Efficiency,Europe,2010,Low,6.944009767931629,8.749452307593852
Reforestation,South America,2017,Medium,15.141623471216167,21.98563728020588
Energy Efficiency,North America,2022,High,19.159734580448145,32.37995144095737
Methane Capture,Asia,2011,None,9.03452047393079,9.93797252132387
Methane Capture,North America,2005,High,12.131099117751106,22.55171325989931
Methane Capture,North America,2019,Low,14.515096095668063,21.7944167876456
Renewable Energy,Europe,2022,Low,19.991993723234458,37.784868136913126
Energy Efficiency,North America,2012,High,6.572120974963582,11.106884447688454
Renewable Energy,Africa,2019,High,12.478561992585638,19.466556708433597
Renewable Energy,Europe,2015,None,10.776801798537502,19.3982432373675
Reforestation,Africa,2017,None,17.987302478335327,17.267810379201915
Renewable Energy,Asia,2009,High,12.139515965174839,23.672056132090937
Reforestation,Europe,2022,High,6.664662868777222,12.476248890350957
Reforestation,Asia,2007,High,14.516362179298754,22.645524999706055
Renewable Energy,Europe,2017,High,16.561709273958197,38.75439970106218
Energy Efficiency,South America,2020,Medium,5.0432187749842186,6.1022947177309055
Energy Efficiency,North America,2000,High,17.884350281309445,30.22455197541296
Energy Efficiency,South America,2022,None,7.790345000084985,8.569379500093484
Energy Efficiency,Asia,2007,Low,13.281040469800669,13.945092493290703
Energy Efficiency,North America,2005,Medium,11.236962510311752,16.068856389745807
Renewable Energy,Europe,2004,High,15.794807249157955,36.959848963029614
Renewable Energy,North America,2014,Low,10.567424221786126,21.636801094107096
Methane Capture,Africa,2021,Medium,18.046447650225662,17.468961325418444
Energy Efficiency,North America,2014,Low,15.957445414381853,21.781912990631234
Renewable Energy,Africa,2001,High,14.715697565943822,22.956488202872364
Methane Capture,North America,2000,High,16.943608933442814,31.498169007270192
Energy Efficiency,Africa,2022,None,16.310345523925733,13.048276419140587
Reforestation,Asia,2022,High,5.5390801238233,8.64096499316435
Methane Capture,South America,2010,High,10.921015307672423,17.178757078968726
Renewable Energy,Europe,2009,Medium,18.962109459747346,37.544976730299744
Reforestation,North America,2017,None,6.885864034883394,10.741947894418095
Reforestation,South America,2017,Medium,16.05644825648077,23.31396286841008
Reforestation,Europe,2016,Low,19.618877170029947,29.66374228108528
Methane Capture,Europe,2007,High,5.782979435674575,9.923592711617571
Renewable Energy,Africa,2014,Low,15.232908209399158,19.193464343842944
Reforestation,Asia,2007,Medium,12.022312119515455,15.869451997760402
Energy Efficiency,Asia,2016,High,13.687628830620833,17.79391747980708
Reforestation,South America,2011,High,6.280120047264873,10.776686001106524
Reforestation,Asia,2007,Medium,5.6451042780040925,7.451537646965402
Methane Capture,North America,2024,Medium,15.002999908263826,23.599718855699003
Methane Capture,Asia,2013,Medium,17.349641447310766,20.99306615124603
Renewable Energy,South America,2003,Medium,16.73023002399451,30.365367493550036
Energy Efficiency,Asia,2000,Medium,13.15708591799356,14.472794509792918
Methane Capture,North America,2000,High,6.498002317042673,12.07978630738233
Reforestation,Africa,2018,Medium,15.320666657540208,16.17862399036246
Renewable Energy,South America,2015,High,8.628333253312189,18.50777482835465
Reforestation,Africa,2013,High,18.666030541510754,23.295206115805417
Reforestation,Africa,2020,Medium,17.573980393185572,18.558123295203966
Methane Capture,Africa,2015,Medium,15.640744506310863,15.140240682108917
Renewable Energy,Europe,2004,None,19.232689337466958,34.61884080744052
Energy Efficiency,Europe,2008,High,5.471327322669094,8.535270623363786
Energy Efficiency,Africa,2001,Medium,16.043006375911432,14.117845610802062
Methane Capture,South America,2017,Medium,9.95364169004608,13.248297089451334
Methane Capture,North America,2005,Medium,18.59098828529548,29.243624572769797
Renewable Energy,North America,2008,None,9.000127949929663,17.550249502362842
Energy Efficiency,Asia,2000,None,15.872847489725256,15.872847489725256
Energy Efficiency,South America,2008,Low,18.16470529476172,20.98023461544979
Energy Efficiency,Europe,2024,High,5.624852275740237,8.774769550154769
Reforestation,Africa,2015,Low,10.964713693880542,11.052431403431587
Energy Efficiency,Asia,2012,Medium,16.434635480329078,18.078099028361986
Reforestation,North America,2008,None,11.823783342613806,18.445102014477538
Renewable Energy,Europe,2020,None,9.00878944690393,16.21582100442707
Reforestation,Europe,2012,Low,8.29708023234785,12.545185311309949
Renewable Energy,Africa,2008,None,6.972774003745669,8.367328804494802
Energy Efficiency,North America,2010,Medium,17.856943397844233,25.53542905891726
Energy Efficiency,South America,2003,None,13.63033104877334,14.993364153650674
Renewable Energy,Europe,2001,Low,6.14577417487184,11.615513190507778
Methane Capture,Africa,2005,Medium,10.738704853559533,10.395066298245629
Renewable Energy,South America,2013,Low,10.516004762076648,18.218978250297795
Methane Capture,North America,2003,None,7.726087860641945,11.048305640717983
Reforestation,Europe,2005,Low,11.53261438208286,17.437312945709284
Reforestation,South America,2018,Low,9.981490480897047,13.83434580652331
Reforestation,South America,2005,High,10.127055582382738,17.37802737936878
Energy Efficiency,South America,2001,None,16.08539836681938,17.693938203501318
Reforestation,Europe,2017,None,8.348950782577944,12.02248912691224
Methane Capture,Europe,2012,Low,14.62789938283033,20.27426854460284
Reforestation,Asia,2008,High,13.559744358214022,21.153201198813875
Renewable Energy,North America,2022,None,13.52138768506801,26.36670598588262
Renewable Energy,Africa,2018,Medium,14.94511019212664,19.727545453607163
Energy Efficiency,South America,2012,Low,13.225730542934809,15.275718777089706
Renewable Energy,Asia,2010,None,18.18882672269577,27.283240084043655
Methane Capture,Africa,2000,Medium,15.133701379253898,14.649422935117775
Reforestation,Asia,2023,None,13.204448770570822,15.845338524684987
Energy Efficiency,Europe,2021,Medium,17.446446804314675,23.02930978169537
Reforestation,South America,2006,Low,14.092198474002195,19.531787084967046
Reforestation,Africa,2024,None,9.367163716777686,8.992477168106578
Methane Capture,Africa,2020,None,8.106423772648569,7.133652919930741
Renewable Energy,Africa,2014,High,7.284916784940182,11.364470184506684
Renewable Energy,Africa,2000,Low,18.491828188191526,23.299703517121326
Reforestation,Africa,2011,Medium,15.652031476970988,16.528545239681364
Energy Efficiency,Asia,2006,None,19.06067657246481,19.06067657246481
Renewable Energy,South America,2014,None,14.049377085724146,23.181472191444843
Energy Efficiency,Europe,2020,Medium,12.101013222423688,15.97333745359927
Renewable Energy,Europe,2018,Low,5.89574733456334,11.142962462324713
Energy Efficiency,Europe,2024,High,15.074634223190447,23.516429388177098
Methane Capture,Europe,2000,High,13.733131396523467,23.566053476434274
Energy Efficiency,Asia,2016,None,19.853133403814322,19.853133403814322
Methane Capture,North America,2016,Medium,8.587381666733645,13.507951361772028
Methane Capture,South America,2002,None,12.961060329302537,15.682882998456071
Energy Efficiency,Africa,2011,Medium,14.76436002677109,12.992636823558561
Methane Capture,North America,2005,High,14.668867621135155,27.269424907690258
Reforestation,Europe,2010,Low,13.419403144226042,20.290137554069776
Methane Capture,North America,2002,Medium,16.653920154908384,26.196616403670895
Renewable Energy,South America,2007,High,8.074718142902245,17.320270416525318
Energy Efficiency,Africa,2013,None,15.884408004116239,12.707526403292992
Reforestation,Africa,2013,Medium,14.296018571496338,15.096595611500135
Energy Efficiency,South America,2009,Low,18.4411266769186,21.299501311840984
Renewable Energy,South America,2001,None,17.707916585503725,29.21806236608115
Renewable Energy,Europe,2013,None,9.7272055869883,17.50897005657894
Renewable Energy,Africa,2008,High,9.143559874627297,14.263953404418583
Methane Capture,North America,2002,Medium,19.724799857786717,31.02711017629851
Methane Capture,Asia,2020,None,12.908977713728849,14.199875485101735
Energy Efficiency,Asia,2007,Low,18.596314458716552,19.52613018165238
Energy Efficiency,South America,2015,Medium,7.458215356707233,9.024440581615753
Reforestation,Europe,2001,Low,14.642283722002615,22.139132987667956
Reforestation,Asia,2005,None,17.147902810408794,20.57748337249055
Energy Efficiency,Africa,2020,Low,19.210928743796703,16.137180144789234
Methane Capture,South America,2024,High,10.060102115255352,15.824540627296672
Renewable Energy,North America,2011,Low,15.874717548860787,32.503484181292464
Energy Efficiency,South America,2004,Medium,13.082195135594286,15.829456114069089
Reforestation,North America,2001,Low,5.909433890997023,9.679652713453123
Methane Capture,South America,2015,Low,15.349996059634151,19.502169993765193
Energy Efficiency,South America,2004,High,15.351448373567651,21.952571174201744
Energy Efficiency,South America,2014,Low,18.959102072698055,21.897762893966256
Methane Capture,North America,2011,Low,12.459686692534586,18.708219568840683
Energy Efficiency,North America,2003,None,8.453763810657719,10.989892953855035
Methane Capture,South America,2014,None,5.668457351730187,6.8588333955935274
Renewable Energy,Asia,2010,Medium,11.234632800288585,18.537144120476167
Methane Capture,Europe,2015,None,9.528750501162527,12.577950661534535
Methane Capture,Europe,2022,None,16.416324590358133,21.669548459272736
Methane Capture,Europe,2005,None,10.314016472615698,13.614501743852722
Energy Efficiency,North America,2013,None,19.23606794472266,25.006888328139457
Energy Efficiency,North America,2017,High,19.434653044816763,32.84456364574033
Methane Capture,Asia,2011,None,14.313628853265621,15.744991738592185
Energy Efficiency,Europe,2010,High,18.929904305223243,29.530650716148262
Reforestation,Europe,2012,High,16.412815167717433,30.724789993967036
Reforestation,South America,2020,None,13.202894614626892,17.427820891307498
Energy Efficiency,North America,2022,Low,7.704619031341672,10.516804977781383
Energy Efficiency,Europe,2010,High,11.878969152707601,18.531191878223858
Methane Capture,Asia,2022,Low,13.413116950439264,15.492150077757351
Renewable Energy,Asia,2015,Low,17.959423711025153,28.286092344864617
Energy Efficiency,Europe,2014,None,12.220000648034972,14.664000777641967
Reforestation,North America,2020,Medium,18.46512009016935,31.686146074730612
Methane Capture,Asia,2014,None,15.115234685352034,16.626758153887238
Energy Efficiency,South America,2024,Medium,7.05498594580507,8.536532994424137
Reforestation,Asia,2003,Medium,19.924720539876397,26.300631112636843
Reforestation,Africa,2010,None,12.908489911308688,12.392150314856341
Renewable Energy,Africa,2018,None,10.877874446136182,13.05344933536342
Methane Capture,North America,2014,Medium,14.886706467042897,23.41678927265848
Methane Capture,Europe,2003,None,6.633399709715587,8.756087616824574
Renewable Energy,North America,2020,Medium,14.548079701300315,31.205630959289177
Renewable Energy,North America,2012,Low,12.473540007489095,25.539573165333927
Methane Capture,North America,2021,None,11.100111049978747,15.873158801469609
Methane Capture,North America,2018,Low,19.295300317683488,28.971893427001763
Energy Efficiency,South America,2001,High,12.838095750980798,18.358476923902543
Energy Efficiency,South America,2013,Low,8.286762192049077,9.571210331816685
Renewable Energy,Asia,2003,Low,11.88445219065948,18.718012200288683
Energy Efficiency,Africa,2015,Medium,18.790811068590088,16.53591374035928
Reforestation,North America,2020,Low,7.64143206995892,12.516665730592713
Energy Efficiency,Asia,2019,None,8.209355580323553,8.209355580323553
Energy Efficiency,Africa,2013,Medium,5.1954435163562565,4.571990294393506
Reforestation,Europe,2014,High,5.212850740936508,9.758456587033143
Renewable Energy,South America,2002,None,17.440874404377688,28.77744276722319
Reforestation,Africa,2007,High,15.981839102644336,19.945335200100132
Energy Efficiency,Europe,2015,Low,10.325615846779375,13.010275966942013
Renewable Energy,Africa,2009,None,15.47466735841359,18.56960083009631
Energy Efficiency,South America,2003,None,10.928088894649553,12.02089778411451
Reforestation,South America,2017,High,19.29345193996741,33.10756352898408
Reforestation,Asia,2001,None,19.505790221390523,23.40694826566863
Energy Efficiency,North America,2016,None,10.891906637140151,14.159478628282196
Methane Capture,Africa,2012,None,17.81332859511302,15.675729163699458
Methane Capture,Africa,2003,Low,16.596335625461993,15.335014117926884
Reforestation,Europe,2024,High,9.649999057576839,18.06479823578384
Reforestation,South America,2010,None,8.48059743351659,11.194388612241898
Methane Capture,Africa,2006,Medium,11.873519755892508,11.49356712370395
Methane Capture,South America,2011,Medium,16.720232609216094,22.25462960286663
Energy Efficiency,Africa,2009,Medium,19.40251677093118,17.07421475841944
Energy Efficiency,Asia,2006,Medium,16.45368603299859,18.09905463629845
Methane Capture,North America,2012,Low,17.82810477527555,26.768899320076237
Energy Efficiency,Africa,2006,None,14.045964592557748,11.2367716740462
Energy Efficiency,South America,2023,High,17.53111746263189,25.069497971563607
Renewable Energy,Asia,2016,None,16.766312870051266,25.1494693050769
Energy Efficiency,Africa,2009,Low,10.654783128894202,8.95001782827113
Reforestation,Europe,2009,Medium,13.279854531810816,21.035289578388333
Energy Efficiency,North America,2023,Low,17.071296829845423,23.302320172739005
Energy Efficiency,Africa,2003,None,5.690851012849346,4.552680810279477
Methane Capture,Asia,2019,High,17.121189235337447,24.483300606532552
Reforestation,Europe,2003,Low,7.668321860735352,11.594502653431853
Energy Efficiency,Asia,2021,High,12.720254256821583,16.53633053386806
Energy Efficiency,Asia,2006,Low,17.124131593339065,17.980338173006018
Renewable Energy,Europe,2021,High,8.807316172350422,20.609119843299986
Energy Efficiency,Asia,2000,High,8.687111589592295,11.293245066469984
Energy Efficiency,Europe,2011,Medium,11.041465976933779,14.574735089552588
Renewable Energy,Africa,2023,High,18.419641963664517,28.734641463316652
Methane Capture,Europe,2012,Medium,5.006641721558118,7.26964377970239
Energy Efficiency,Europe,2009,None,18.520746449629023,22.224895739554828
Renewable Energy,North America,2014,None,7.307105369624116,14.248855470767026
Reforestation,Europe,2012,Medium,19.85129564101223,31.444452295363373
Methane Capture,Europe,2022,Medium,19.322704895577022,28.056567508377842
Reforestation,Africa,2021,Low,12.420127843869249,12.519488866620202
Reforestation,North America,2021,Low,12.690803717189421,20.78753648875627
Renewable Energy,South America,2020,Low,12.223240104137815,21.17676348041877
Energy Efficiency,Africa,2021,None,14.531654684892839,11.625323747914273
Renewable Energy,Africa,2008,Low,6.360825533523966,8.014640172240197
Renewable Energy,South America,2008,High,5.489269225123498,11.774482487889905
Renewable Energy,Europe,2014,High,5.865543926238483,13.72537278739805
Renewable Energy,Asia,2009,Low,11.665480238622717,18.373131375830777
Methane Capture,North America,2023,High,9.13321908829225,16.978654285135296
Energy Efficiency,Asia,2024,None,14.330593435564907,14.330593435564907
Reforestation,South America,2009,High,19.886634340621683,34.12546452850681
Reforestation,Africa,2007,None,10.794847596146989,10.36305369230111
Energy Efficiency,Africa,2023,Medium,13.6076188115677,11.974704554179578
Reforestation,North America,2015,Medium,11.234058438610031,19.277644280654815
Energy Efficiency,Africa,2016,Medium,17.709075015827892,15.583986013928547
Reforestation,Africa,2004,Medium,18.53354605193357,19.57142463084185
Renewable Energy,North America,2003,High,18.160334183078902,46.036447154105026
Reforestation,North America,2017,Low,19.61558358018886,32.130325904349355
Energy Efficiency,South America,2023,High,5.41278777710623,7.740286521261909
Energy Efficiency,Africa,2018,None,17.597242432182966,14.077793945746373
Energy Efficiency,Africa,2003,High,16.276582595586397,16.927645899409853
Energy Efficiency,South America,2006,High,8.430416141005471,12.055495081637826
Energy Efficiency,Europe,2009,None,19.344801400812912,23.213761680975495
Methane Capture,Europe,2024,Medium,7.2226689234491825,10.487315276848214
Methane Capture,Europe,2017,Medium,15.193248907008625,22.060597412976524
Reforestation,South America,2018,Medium,8.373353252238687,12.158108922250575
Energy Efficiency,Africa,2003,Low,11.47070973161112,9.63539617455334
Reforestation,South America,2009,None,15.787398454168533,20.839365959502466
Energy Efficiency,South America,2000,None,13.4498696304957,14.794856593545271
Energy Efficiency,Europe,2022,High,11.412527469921676,17.803542853077815
Methane Capture,Asia,2017,Low,9.895076463979809,11.428813315896681
Methane Capture,Africa,2004,Medium,17.594894835631855,17.031858200891637
Renewable Energy,Europe,2014,Low,7.157215254722206,13.52713683142497
Methane Capture,Asia,2016,None,11.451543147947001,12.596697462741702
Renewable Energy,Asia,2002,None,18.556363576627135,27.834545364940702
Renewable Energy,North America,2011,High,17.687743256899516,44.83842915624028
Renewable Energy,Africa,2001,High,11.014126437095701,17.182037241869295
Renewable Energy,Asia,2000,None,16.446625454019625,24.669938181029437
Renewable Energy,Europe,2022,Medium,17.34741246063289,34.34787667205312
Reforestation,North America,2020,Medium,18.333311360054445,31.45996229385343
Methane Capture,Africa,2016,Low,13.167586535738419,12.1668499590223
Renewable Energy,South America,2021,None,8.066913290820677,13.310406929854118
Energy Efficiency,Europe,2015,None,8.829636147558976,10.59556337707077
Methane Capture,Asia,2004,Medium,9.435420110624063,11.416858333855119
Methane Capture,Asia,2014,Medium,13.907037212144232,16.827515026694524
Renewable Energy,Europe,2002,None,5.492144361929126,9.885859851472427
Reforestation,Asia,2006,High,14.540637031699525,22.68339376945126
Renewable Energy,North America,2010,None,10.46531357642348,20.407361474025787
Reforestation,Africa,2009,None,9.428627037344633,9.051481955850848
Energy Efficiency,North America,2008,Medium,18.192448560921896,26.015201442118315
Methane Capture,Asia,2013,Medium,11.900035933711983,14.399043479791503
Energy Efficiency,South America,2012,High,6.425795682990392,9.188887826676261
Reforestation,Africa,2024,High,17.401201520393705,21.716699497451344
Reforestation,Africa,2024,Low,5.714618861547599,5.760335812439981
Energy Efficiency,Europe,2001,None,15.90123836252295,19.081486035027538
Reforestation,Europe,2002,Medium,16.608593326559976,26.308011829271003
Energy Efficiency,South America,2006,High,10.289039088932872,14.713325897174009
Methane Capture,Africa,2020,Low,17.3718178441668,16.051559688010123
Energy Efficiency,South America,2017,Low,12.734891087846801,14.708799206463055
Methane Capture,Europe,2002,Medium,11.949404799091951,17.350535768281514
Energy Efficiency,Europe,2009,Medium,5.6810492220303885,7.4989849730801135
Reforestation,Africa,2021,Low,9.350437904733589,9.425241407971459
Energy Efficiency,North America,2006,High,18.965149563279496,32.051102761942346
Reforestation,Asia,2008,Low,10.8773594492525,13.70547290605815
Energy Efficiency,Europe,2016,None,13.200507808351524,15.840609370021829
Energy Efficiency,Europe,2010,None,12.980325184763776,15.576390221716531
Renewable Energy,North America,2006,Medium,13.8564663473404,29.72212031504516
Reforestation,North America,2023,High,5.919964334649239,12.005687670668657
Renewable Energy,South America,2013,High,10.432643821980925,22.378020998149086
Reforestation,South America,2018,None,15.846924108238312,20.917939822874573
Renewable Energy,Asia,2003,Low,8.008403766094744,12.613235931599224
Methane Capture,Asia,2005,Medium,8.053675663195406,9.744947552466442
Energy Efficiency,Africa,2009,Low,5.151359100335371,4.3271416442817126
Reforestation,South America,2006,Low,11.562228899123145,16.02524925418468
Reforestation,Europe,2012,Low,18.24101571010133,27.580415753673208
Energy Efficiency,South America,2013,High,5.778514153809635,8.26327523994778
Reforestation,Europe,2003,None,7.866780642440039,11.328164125113657
Reforestation,North America,2007,High,9.651268075141326,19.57277165638661
Renewable Energy,South America,2004,None,15.975871048463194,26.360187229964275
Reforestation,North America,2000,Medium,14.609533892038797,25.06996015873858
Methane Capture,Asia,2003,Medium,11.239158568727825,13.59938186816067
Methane Capture,Asia,2002,Low,16.386034088875636,18.925869372651363
Energy Efficiency,Africa,2008,None,14.14446517485353,11.315572139882825
Reforestation,South America,2007,None,18.440611994858287,24.34160783321294
Energy Efficiency,North America,2000,None,17.270401237080396,22.451521608204516
Methane Capture,Europe,2005,Low,8.792204091338007,12.18599487059448
Reforestation,Asia,2008,Low,9.071578664513003,11.430189117286384
Reforestation,Asia,2006,Medium,6.880347136885785,9.082058220689238
Energy Efficiency,Europe,2003,High,10.054470885761848,15.684974581788484
Methane Capture,North America,2012,None,19.993158780786416,28.59021705652458
Reforestation,North America,2016,None,11.086267529225914,17.294577345592426
Energy Efficiency,South America,2001,High,8.307326520336595,11.879476924081333
Methane Capture,South America,2004,None,16.437243267133297,19.889064353231294
Energy Efficiency,Africa,2011,Low,13.13706505193984,11.035134643629467
Renewable Energy,Asia,2020,Low,7.2440217429042875,11.409334245074254
Reforestation,South America,2007,None,10.710345217412986,14.137655686985141
Renewable Energy,North America,2005,Low,11.21704573309015,22.966901138502084
Methane Capture,Europe,2007,Low,16.30744550853828,22.60211947483406
Renewable Energy,North America,2017,None,5.310070533378567,10.354637540088206
Renewable Energy,Asia,2002,Medium,9.035294701974657,14.908236258258185
Methane Capture,North America,2021,High,12.763944519732831,23.728172862183335
Energy Efficiency,Africa,2011,Low,9.03270113679265,7.587468954905827
Renewable Energy,Asia,2002,Medium,14.426510711284983,23.803742673620224
Energy Efficiency,Europe,2021,Low,12.228012189119248,15.407295358290252
Renewable Energy,Africa,2005,Low,10.42565382289371,13.136323816846076
Energy Efficiency,Asia,2001,High,19.238129403057684,25.00956822397499
Methane Capture,Europe,2022,Low,14.482392487796862,20.072595988086455
Renewable Energy,Africa,2011,High,6.949120584019118,10.840628111069824
Methane Capture,Africa,2001,High,13.401375461650932,15.33117352812867
Renewable Energy,Asia,2005,High,16.710977798013516,32.58640670612636
Methane Capture,South America,2016,Medium,15.62734546239196,20.7999968104437
Methane Capture,Africa,2002,None,7.58133843942889,6.671577826697424
Renewable Energy,Africa,2001,Medium,19.58629998560155,25.85391598099405
Renewable Energy,Europe,2022,None,11.73220468619909,21.11796843515836
Renewable Energy,North America,2019,None,7.3853750561039195,14.401481359402645
Reforestation,Asia,2007,High,7.702936311922219,12.016580646598662
Energy Efficiency,Asia,2021,Low,6.473524882836207,6.797201126978018
Reforestation,South America,2011,High,17.052771626524013,29.262556111115206
Reforestation,South America,2003,Low,6.8304574148277295,9.467013976951232
Methane Capture,Asia,2004,None,6.876878857126204,7.564566742838825
Renewable Energy,South America,2012,High,17.757074221412566,38.08892420492995
Energy Efficiency,Europe,2014,Low,10.169061266713395,12.81301719605888
Methane Capture,Asia,2024,Medium,5.462868564621087,6.610070963191517
Reforestation,South America,2022,Low,5.778429492776163,8.008903276987763
Renewable Energy,Asia,2015,High,7.132556700558434,13.908485566088947
Methane Capture,North America,2009,Medium,8.200900219635344,12.900016045486398
Renewable Energy,Africa,2024,Low,14.977192913576081,18.87126307110586
Methane Capture,Asia,2022,Low,7.359894200027424,8.500677801031674
Renewable Energy,Africa,2015,Low,6.78311586765608,8.54672599324666
Reforestation,South America,2011,Low,16.470787122144188,22.828510951291843
Energy Efficiency,Africa,2016,Low,15.065829257898717,12.655296576634923
Reforestation,Asia,2015,Medium,11.529863321828543,15.219419584813677
Energy Efficiency,North America,2011,None,13.23964657220156,17.21154054386203
Renewable Energy,South America,2007,Medium,9.679760304896277,17.568764953386744
Methane Capture,Asia,2019,Medium,12.23750630353041,14.807382627271798
Reforestation,South America,2002,Medium,12.600089734741186,18.295330294844202
Energy Efficiency,Europe,2015,None,10.808559067671439,12.970270881205726
Reforestation,Africa,2012,High,18.59858316008244,23.21103178378289
Energy Efficiency,Europe,2022,None,5.240927974715092,6.28911356965811
Reforestation,Asia,2018,Medium,16.732568946368694,22.086991009206677
Energy Efficiency,North America,2007,Low,6.865742468619865,9.371738469666116
Energy Efficiency,South America,2021,Low,16.96321040805799,19.59250802130698
Renewable Energy,Africa,2004,Medium,14.238678735150819,18.79505593039908
Energy Efficiency,South America,2019,Low,17.649171364046033,20.38479292547317
Renewable Energy,Asia,2007,Medium,6.462714884613462,10.663479559612213
Energy Efficiency,South America,2023,Low,13.384709511496611,15.459339485778589
Methane Capture,Africa,2011,None,12.516318203932956,11.014360019461002
Methane Capture,Asia,2000,High,15.59289774445038,22.297843774564043
Methane Capture,South America,2024,High,13.014358278405137,20.471585571931282
Energy Efficiency,North America,2020,None,13.111018506996563,17.044324059095533
Renewable Energy,Asia,2019,None,11.44393915364097,17.165908730461457
Renewable Energy,Asia,2005,Medium,9.632516360110113,15.893651994181688
Energy Efficiency,North America,2021,Medium,12.233965418782883,17.494570548859524
Methane Capture,Europe,2017,Medium,6.777385381526009,9.840763573975766
Methane Capture,Africa,2007,Low,19.42270008474627,17.946574878305558
Renewable Energy,Europe,2006,Medium,15.716161454398975,31.117999679709975
Methane Capture,South America,2000,None,19.2870067503177,23.33727816788442
Reforestation,North America,2020,High,8.400910734949449,17.03704697047748
Renewable Energy,Europe,2015,Low,18.19011530264792,34.37931792200457
Methane Capture,Asia,2011,Medium,17.131849768453076,20.729538219828225
Renewable Energy,South America,2005,Low,15.157286186865106,26.259998318743797
Reforestation,South America,2019,Low,14.375437791278086,19.924356778711427
Renewable Energy,Europe,2001,Medium,9.74824497901805,19.30152505845574
Renewable Energy,Europe,2013,Low,17.24616177447546,32.59524575375862
Renewable Energy,North America,2003,High,12.522731922196007,31.745125422766876
Renewable Energy,Africa,2000,None,6.0633736383692804,7.2760483660431365
Reforestation,Europe,2022,None,9.69294741282695,13.957844274470807
Energy Efficiency,Europe,2017,High,19.029456478179917,29.685952105960673
Renewable Energy,Asia,2012,Low,17.760203909072693,27.972321156789494
Renewable Energy,South America,2001,Medium,19.728585471148087,35.80738263013378
Methane Capture,Africa,2008,Low,14.419900739061472,13.323988282892804
Renewable Energy,Asia,2020,High,8.712651097106178,16.98966963935705
Methane Capture,North America,2001,Low,7.442225745152957,11.174501956347168
Energy Efficiency,North America,2024,None,7.8037166091269246,10.144831591865001
Reforestation,Europe,2008,Low,5.296934875208816,8.008965531315729
Reforestation,Europe,2000,High,10.860231664789087,20.33035367648517
Energy Efficiency,North America,2010,None,7.871415207493138,10.23283976974108
Reforestation,Europe,2002,Low,11.174831906850535,16.89634584315801
Energy Efficiency,Africa,2019,Low,19.02491647758148,15.980929841168445
Energy Efficiency,Europe,2022,None,11.45810314260785,13.74972377112942
Energy Efficiency,South America,2003,Medium,18.169767454772522,21.985418620274757
Reforestation,Europe,2017,None,14.082571499238147,20.27890295890293
Methane Capture,Asia,2022,Medium,8.706973319920879,10.535437717104266
Energy Efficiency,Africa,2005,High,10.337821388888171,10.751334244443699
Renewable Energy,Asia,2002,High,6.258793037321441,12.204646422776811
Reforestation,Asia,2021,None,10.001938903940157,12.002326684728189
Energy Efficiency,South America,2010,None,15.163114182553011,16.679425600808315
Energy Efficiency,Africa,2014,High,6.081666393941528,6.324933049699189
Renewable Energy,Africa,2021,Medium,8.081021127170441,10.666947887864984
Methane Capture,Africa,2004,High,10.721615621199671,12.265528270652426
Methane Capture,Africa,2019,None,19.730743055239437,17.363053888610704
Methane Capture,Africa,2009,High,16.772927344383202,19.188228881974386
Energy Efficiency,South America,2011,None,16.002301197381556,17.602531317119713
Energy Efficiency,Europe,2014,None,6.74286434788169,8.091437217458028
Energy Efficiency,Asia,2016,High,16.714938404224874,21.729419925492337
Reforestation,Africa,2009,Medium,16.779032172740227,17.71865797441368
Renewable Energy,Europe,2005,Low,14.016540434364924,26.4912614209497
Energy Efficiency,Europe,2017,High,19.855426729975576,30.974465698761897
Renewable Energy,Asia,2012,Low,9.878808588868278,15.559123527467538
Renewable Energy,South America,2002,High,19.119086723627774,41.01044102218158
Methane Capture,North America,2023,Low,18.720966724347555,28.109531536607857
Reforestation,North America,2009,Medium,5.172209896240668,8.875512181948988
Energy Efficiency,Europe,2013,Medium,11.751747897122165,15.51230722420126
Methane Capture,Asia,2005,High,19.6565634957736,28.10888579895625
Methane Capture,North America,2002,None,6.546820436121137,9.361953223653227
Energy Efficiency,Europe,2015,Low,13.216770415749792,16.65313072384474
Renewable Energy,South America,2006,None,19.684362605616563,32.47919829926733
Methane Capture,North America,2019,None,13.332431361587902,19.065376847070702
Renewable Energy,Europe,2013,None,7.84722954458234,14.12501318024821
Reforestation,Europe,2008,Medium,13.732748451388847,21.75267354699993
Renewable Energy,Africa,2014,High,8.066608609243202,12.583909430419396
Reforestation,South America,2020,High,12.795563943417264,21.957187726904028
Renewable Energy,Africa,2002,Medium,6.11063326868522,8.066035914664491
Methane Capture,Asia,2001,Medium,14.082240038216069,17.039510446241447
Methane Capture,Africa,2001,High,12.751849086922373,14.588115355439198
Reforestation,Africa,2002,None,16.10242053142195,15.45832371016507
Energy Efficiency,North America,2017,Low,14.460507067381775,19.738592146976124
Reforestation,Europe,2013,Low,13.24409402796135,20.02507017027756
Reforestation,South America,2019,Low,15.346682738721817,21.27050227586844
Renewable Energy,Africa,2017,None,7.1591287035834625,8.590954444300156
Renewable Energy,South America,2009,High,13.930394918879061,29.88069710099559
Reforestation,Africa,2024,Medium,7.581659042341665,8.006231948712799
Methane Capture,Asia,2001,High,18.882833117778212,27.002451358422846
Renewable Energy,Africa,2024,None,6.025011572684063,7.230013887220875
Energy Efficiency,North America,2021,Medium,11.455621245361899,16.381538380867518
Renewable Energy,Europe,2000,None,15.436962164831673,27.786531896697014
Renewable Energy,Asia,2003,Low,11.87033317502388,18.69577475066261
Energy Efficiency,Africa,2013,Low,6.381428798493536,5.360400190734571
Reforestation,South America,2000,None,13.300685241900611,17.55690451930881
Energy Efficiency,Asia,2013,Medium,14.624478632410318,16.08692649565135
Reforestation,Asia,2015,Medium,15.556884664857614,20.53508775761205
Reforestation,Africa,2021,High,10.598897216941385,13.227423726742849
Reforestation,Asia,2013,Low,13.454899565431433,16.953173452443604
Energy Efficiency,South America,2019,High,11.760297124083696,16.817224887439686
Reforestation,Asia,2002,High,15.080840581283802,23.526111306802733
Methane Capture,South America,2002,None,13.753354509872278,16.64155895694546
Energy Efficiency,Africa,2008,None,12.886343293387023,10.309074634709619
Methane Capture,Europe,2005,High,8.742865502573729,15.00275720241652
Reforestation,Asia,2024,Low,5.0302777662235085,6.338149985441621
Renewable Energy,Europe,2012,None,7.611225129671439,13.70020523340859
Reforestation,South America,2020,High,6.75599062136253,11.593279906258102
Methane Capture,Asia,2001,High,11.736271175164202,16.78286778048481
Methane Capture,North America,2007,High,14.18387226142767,26.367818533994043
Energy Efficiency,Europe,2020,High,8.196275130272124,12.786189203224513
Renewable Energy,Asia,2001,High,19.085856439507808,37.21742005704023
Energy Efficiency,Europe,2003,High,5.100231938358316,7.956361823838974
Methane Capture,Asia,2024,None,16.584515227480143,18.24296675022816
Reforestation,Africa,2014,Low,14.378071542956633,14.493096115300288
Renewable Energy,Europe,2003,High,10.603322015715229,24.811773516773634
Reforestation,North America,2012,Medium,5.757334166186119,9.87958542917538
Reforestation,North America,2011,None,14.41229857676419,22.483185779752137
Renewable Energy,South America,2012,None,10.78420269298472,17.793934443424792
Energy Efficiency,Asia,2013,High,19.04400709119829,24.757209218557776
Reforestation,Europe,2019,None,13.129851123346489,18.906985617618943
Methane Capture,South America,2017,High,19.094772669402623,30.036077408970332
Reforestation,Europe,2005,Low,8.30725540209956,12.560570167974534
Renewable Energy,Asia,2010,Low,15.88588865546155,25.020274632351942
Renewable Energy,North America,2001,None,14.258735312730884,27.804533859825227
Renewable Energy,Africa,2022,None,16.091123447469677,19.309348136963614
Energy Efficiency,North America,2018,Medium,8.220017959588052,11.754625682210916
Reforestation,South America,2018,None,14.974917743566605,19.766891421507918
Energy Efficiency,Africa,2004,Medium,12.470605895853033,10.974133188350672
Energy Efficiency,South America,2018,Low,16.142374623594744,18.644442690251932
Renewable Energy,Asia,2001,Low,9.905669662277266,15.601429718086694
Renewable Energy,Africa,2009,High,18.35085538197879,28.627334395886916
Energy Efficiency,South America,2024,Low,6.264519719170256,7.235520275641647
Reforestation,Asia,2001,Medium,17.10783978186782,22.582348512065526
Methane Capture,North America,2010,None,17.91979438722636,25.6253059737337
Energy Efficiency,Asia,2017,High,17.258784670502315,22.43642007165301
Reforestation,Europe,2023,Medium,12.69089591392664,20.1023791276598
Renewable Energy,Asia,2014,None,11.57577470046142,17.363662050692128
Renewable Energy,Asia,2008,High,19.943934297873152,38.89067188085264
Reforestation,Europe,2022,Low,8.437579268212431,12.757619853537197
Methane Capture,South America,2018,Medium,13.20313948814067,17.573378658715235
Renewable Energy,South America,2008,None,15.060132880734884,24.84921925321256
Renewable Energy,Asia,2002,High,15.51301453792148,30.25037834894689
Renewable Energy,Europe,2020,High,8.06036998607868,18.86126576742411
Reforestation,Europe,2008,Low,14.809911385097019,22.392586014266694
Energy Efficiency,North America,2013,None,17.27554349722006,22.45820654638608
Renewable Energy,South America,2018,Low,5.750278652316683,9.962357765138655
Energy Efficiency,Africa,2006,Low,18.67281939987975,15.68516829589899
Methane Capture,South America,2015,None,5.442560827178089,6.585498600885488
Renewable Energy,South America,2015,None,10.339565487325915,17.060283054087762
Renewable Energy,North America,2000,None,5.237197943494431,10.21253598981414
Methane Capture,Africa,2003,Medium,6.157177528093728,5.9601478471947305
Renewable Energy,North America,2003,None,18.667524277701187,36.40167234151731
Energy Efficiency,Africa,2006,High,10.322912461192217,10.735828959639907
Reforestation,Asia,2007,Low,11.371572956375793,14.328181925033501
Energy Efficiency,Africa,2016,Medium,8.23016572073829,7.242545834249697
Reforestation,North America,2004,None,13.956436552800797,21.772041022369244
Reforestation,South America,2006,Medium,13.922048220166845,20.214814015682265
Energy Efficiency,Africa,2019,None,10.58300587737829,8.466404701902631
Energy Efficiency,Africa,2019,Medium,9.995523077080975,8.79606030783126
Energy Efficiency,Europe,2003,Low,18.274464622708816,23.02582542461311
Energy Efficiency,South America,2005,Low,10.749263594633021,12.415399451801141
Methane Capture,Asia,2006,High,12.402514882316122,17.73559628171206
Renewable Energy,North America,2017,High,9.249571436373959,23.447663591207988
Reforestation,Asia,2004,None,16.80154255035691,20.16185106042829
Energy Efficiency,South America,2019,Low,10.961722353486374,12.660789318276763
Energy Efficiency,Africa,2002,Medium,12.704165698164868,11.179665814385086
Energy Efficiency,Africa,2006,Medium,8.80035755089492,7.744314644787532
Methane Capture,South America,2021,Medium,19.814893885118778,26.3736237610931
Energy Efficiency,Africa,2013,High,9.372436113855844,9.747333558410078
Energy Efficiency,Africa,2006,Medium,16.561137963583278,14.573801407953287
Energy Efficiency,Africa,2004,High,11.412434755351388,11.868932145565445
Renewable Energy,North America,2021,High,8.093261076262099,20.516416828324424
Methane Capture,North America,2004,None,16.995781459472916,24.303967487046272
Energy Efficiency,Europe,2022,Medium,10.004101835435648,13.205414422775057
Reforestation,Asia,2001,Medium,17.977900210967164,23.730828278476658
Reforestation,South America,2020,Low,18.728857773767345,25.958196874441544
Reforestation,South America,2021,None,17.897357530869137,23.62451194074726
Methane Capture,South America,2005,Low,5.525118722102085,7.0196633364307
Methane Capture,Europe,2014,None,16.810600175076583,22.189992231101094
Reforestation,North America,2020,Medium,11.170091997487159,19.167877867687967
Energy Efficiency,Europe,2009,High,18.105843802733375,28.245116332264065
Methane Capture,South America,2022,High,14.569313940271082,22.91753082804642
Reforestation,Asia,2023,High,17.504647012159374,27.307249338968624
Reforestation,Africa,2006,High,12.491476548002531,15.58936273190716
Energy Efficiency,North America,2004,High,13.025382568983993,22.012896541582947
Renewable Energy,North America,2000,Low,7.1658144820050085,14.672005151905255
Methane Capture,Europe,2012,None,16.759810380340333,22.12294970204924
Energy Efficiency,North America,2020,Medium,11.290844175004574,16.145907170256542
Reforestation,South America,2017,Low,12.501201774073738,17.3266656588662
Reforestation,South America,2012,None,16.776465711435613,22.144934739095007
Energy Efficiency,Europe,2020,High,13.982681001191585,21.81298236185887
Methane Capture,South America,2020,None,8.016480911640011,9.699941903084415
Renewable Energy,Asia,2017,None,13.853489887263391,20.780234830895086
Renewable Energy,Europe,2004,High,11.114492869694836,26.00791331508592
Reforestation,Asia,2012,High,12.04288313065794,18.786897683826385
Methane Capture,Africa,2003,High,5.4246691160400164,6.20582146874978
Renewable Energy,Asia,2016,Medium,8.150440242744224,13.448226400527972
Methane Capture,Africa,2002,High,9.215571220715423,10.542613476498447
Methane Capture,Africa,2016,Medium,15.694400117882086,15.192179314109861
Reforestation,Asia,2010,High,5.17238709947173,8.0689238751759
Renewable Energy,Europe,2020,Medium,11.13165891843698,22.040684658505217
Energy Efficiency,South America,2019,None,18.86040305638599,20.746443362024593
Reforestation,South America,2022,Low,6.678209248236858,9.255998018056285
Renewable Energy,Africa,2020,None,12.746365823279167,15.295638987935002
Renewable Energy,Africa,2003,None,16.797835735862705,20.157402883035246
Renewable Energy,Europe,2001,High,19.13796961280175,44.78284889395609
Renewable Energy,North America,2019,Medium,16.20164959300577,34.75253837699738
Renewable Energy,Asia,2015,Low,15.808483229666091,24.898361086724094
Methane Capture,Africa,2017,High,17.397321352936437,19.90253562775929
Reforestation,South America,2007,High,11.693018314663155,20.065219427961974
Methane Capture,Europe,2002,High,17.087667989267494,29.32243826958302
Energy Efficiency,Asia,2008,None,5.119466071181767,5.119466071181767
Renewable Energy,Europe,2019,Medium,18.868415830652076,37.35946334469111
Reforestation,Asia,2005,Medium,11.64959764275763,15.377468888440074
Renewable Energy,Asia,2009,Low,13.300702817986213,20.948606938328286
Reforestation,Africa,2020,Medium,8.823233733723235,9.31733482281174
Methane Capture,Europe,2009,Medium,16.13796249260632,23.432321539264382
Reforestation,Europe,2012,High,6.149537097128732,11.511933445824987
Energy Efficiency,South America,2016,High,18.08953703820253,25.868037964629618
Energy Efficiency,South America,2008,None,17.421752435095144,19.163927678604658
Reforestation,Africa,2016,High,8.240901743671497,10.284645376102027
Reforestation,Africa,2023,High,17.139865974278933,21.390552735900112
Reforestation,North America,2008,High,16.79536599592222,34.06100223973027
Reforestation,South America,2008,High,14.483248966309235,24.853255226186647
Energy Efficiency,Asia,2000,None,10.602802653495313,10.602802653495313
Renewable Energy,Europe,2001,High,9.072481312728017,21.229606271783563
Reforestation,Africa,2015,Low,8.47675385434025,8.544567885174972
Reforestation,Europe,2000,Low,9.779134441454108,14.786051275478611
Energy Efficiency,Europe,2009,Low,18.553376651487955,23.377254580874823
Energy Efficiency,North America,2017,Low,6.164611639831719,8.414694888370297
Methane Capture,South America,2007,High,17.43306914379438,27.422217763188563
Reforestation,Africa,2020,Low,10.233351125627355,10.315217934632374
Methane Capture,Europe,2010,High,12.823990940170372,22.005968453332358
Energy Efficiency,Africa,2022,None,16.917284504727363,13.53382760378189
Energy Efficiency,Asia,2001,Low,18.26564820534457,19.178930615611797
Renewable Energy,North America,2007,Medium,10.171721301089704,21.81834219083742
Reforestation,Asia,2021,Low,11.927652219126655,15.028841796099586
Methane Capture,Africa,2007,Low,11.217740972251883,10.365192658360742
Energy Efficiency,Africa,2016,High,5.1987655025586585,5.406716122661005
Energy Efficiency,South America,2014,Low,9.43914333287985,10.902210549476226
Methane Capture,Europe,2016,Medium,11.887838505988427,17.261141510695197
Renewable Energy,Europe,2022,High,11.166404133206598,26.12938567170344
Energy Efficiency,Asia,2023,High,15.82893841273519,20.57761993655575
Reforestation,North America,2012,None,10.772054258316548,16.804404642973815
Energy Efficiency,Europe,2018,None,12.340646734560053,14.808776081472063
Reforestation,South America,2004,Low,11.44412888198545,15.861562630431836
Methane Capture,Asia,2011,None,16.109392233415555,17.720331456757112
Reforestation,Asia,2000,None,17.94458598480444,21.53350318176533
Methane Capture,South America,2022,None,12.978336185112713,15.703786783986386
Reforestation,North America,2004,High,16.841482912927866,34.15452734741771
Methane Capture,South America,2007,High,9.45180023029776,14.867681762258378
Reforestation,North America,2012,High,13.120544152359031,26.608463540984115
Renewable Energy,South America,2007,None,10.178449305049586,16.79444135333182
Reforestation,South America,2024,High,11.213013883577455,19.241531824218914
Reforestation,Africa,2022,None,15.986207972190028,15.346759653302428
Renewable Energy,Asia,2010,High,18.22493723499069,35.53862760823185
Energy Efficiency,South America,2000,High,6.822430866316481,9.75607613883257
Energy Efficiency,South America,2012,Medium,14.519588847310708,17.56870250524596
Reforestation,Europe,2018,Low,13.732157113666977,20.76302155586447
Renewable Energy,Asia,2023,None,6.776225587638978,10.164338381458467
Reforestation,Europe,2002,Medium,8.178414956601635,12.95460929125699
Methane Capture,Asia,2023,High,9.665037420990204,13.821003512015995
Methane Capture,Europe,2016,None,7.503966062262522,9.90523520218653
Reforestation,South America,2004,High,8.655942237865126,14.853596880176557
Energy Efficiency,South America,2019,Low,9.014011982925613,10.411183840279085
Energy Efficiency,Africa,2020,Medium,10.035107495585894,8.83089459611559
Reforestation,Europe,2007,Low,16.240856792017386,24.556175469530285
Reforestation,North America,2013,Medium,13.57868305775901,23.301020127114466
Methane Capture,Africa,2003,High,19.793700079271023,22.643992890686054
Energy Efficiency,Europe,2010,Low,11.221037404512066,14.138507129685202
Reforestation,Europe,2019,Low,16.307976107553877,24.657659874621462
Methane Capture,Africa,2014,High,18.072026320648007,20.674398110821322
Energy Efficiency,South America,2018,Low,15.18467739557063,17.53830239188408
Renewable Energy,Europe,2006,None,11.17797110626244,20.120347991272393
Methane Capture,South America,2018,Medium,16.303919461186297,21.700516802838965
Energy Efficiency,Africa,2018,Medium,8.055007066590273,7.088406218599441
Energy Efficiency,South America,2010,Medium,9.913282477701987,11.995071798019406
Methane Capture,Asia,2004,None,13.200278826489331,14.520306709138266
Renewable Energy,North America,2004,Medium,13.631140809292225,29.238797035931825
Methane Capture,Europe,2021,High,5.332122132089442,9.149921578665483
Energy Efficiency,North America,2007,Low,19.176712831340133,26.176213014779282
Reforestation,South America,2009,None,15.44940906826085,20.393219970104322
Reforestation,Europe,2005,Medium,12.435556253478365,19.697921105509728
Methane Capture,South America,2014,High,18.996908516124627,29.882137095864046
Energy Efficiency,Asia,2015,Low,11.586433478762427,12.165755152700548
Reforestation,Africa,2016,Low,19.706533554055575,19.86418582248802
Energy Efficiency,Europe,2007,None,12.684271358652277,15.221125630382732
Methane Capture,Asia,2007,None,6.714286549969692,7.385715204966663
Reforestation,Asia,2024,None,16.47201458688916,19.76641750426699
Energy Efficiency,Europe,2008,High,15.183465876167608,23.68620676682147
Reforestation,South America,2001,High,16.594800819583803,28.47667820640581
Methane Capture,Asia,2014,None,19.271630430885217,21.19879347397374
Energy Efficiency,North America,2017,Medium,16.64733953976527,23.80569554186434
Reforestation,Asia,2002,Low,14.170049033249704,17.85426178189463
Methane Capture,South America,2016,Low,17.859633535412613,22.69066440674173
Reforestation,South America,2003,High,15.098696590317973,25.909363348985643
Reforestation,North America,2003,Low,11.121785852388847,18.21748522621293
Renewable Energy,Asia,2013,Medium,18.284296463626596,30.169089164983887
Renewable Energy,South America,2008,Low,8.328506911765594,14.429138224633892
Methane Capture,Europe,2008,High,15.719619123630864,26.97486641615056
Renewable Energy,Africa,2024,High,18.223451824111354,28.428584845613717
Methane Capture,Africa,2022,Medium,15.969747795549443,15.458715866091865
Renewable Energy,Africa,2017,Medium,15.459131285807853,20.406053297266368
Reforestation,Asia,2009,Low,16.28957441107754,20.524863757957696
Methane Capture,North America,2020,Low,11.975828724509665,17.981706829851266
Methane Capture,South America,2003,High,18.112560232355392,28.491057245495035
Reforestation,Europe,2011,Medium,8.051547127041367,12.753650649233524
Methane Capture,Europe,2007,Medium,6.910796240005089,10.03447614048739
Methane Capture,Asia,2001,Medium,9.282631701777674,11.231984359150989
Renewable Energy,Africa,2021,Low,12.973660951624897,16.346812799047374
Methane Capture,Asia,2012,Medium,12.65842693114007,15.316696586679488
Energy Efficiency,North America,2020,High,17.3089813651488,29.252178507101473
Reforestation,North America,2015,High,11.068529846060262,22.44697852781021
Renewable Energy,South America,2001,Low,12.26516639437263,21.249400778250585
Renewable Energy,South America,2010,None,5.200515248890935,8.580850160670044
Energy Efficiency,North America,2009,Low,11.146088546644087,15.21441086616918
Reforestation,North America,2014,None,14.716613494255132,22.957917051038006
Reforestation,North America,2016,Medium,5.2326249593988825,8.979184430328484
Renewable Energy,Asia,2007,Low,9.213229477793657,14.51083642752501
Methane Capture,North America,2017,High,8.119345389340848,15.09386307878464
Renewable Energy,Europe,2022,Medium,5.629781433643823,11.14696723861477
Reforestation,Africa,2008,High,12.188901348718062,15.211748883200142
Energy Efficiency,North America,2024,Medium,7.725849398422348,11.04796463974396
Renewable Energy,Africa,2007,Low,16.146223094470702,20.344241099033088
Reforestation,Asia,2013,None,17.718918256450227,21.262701907740272
Renewable Energy,Africa,2024,Medium,13.183777740037216,17.402586616849128
Methane Capture,Asia,2017,None,19.72561013781712,21.698171151598835
Renewable Energy,Europe,2021,Medium,11.75717857205893,23.279213572676678
Renewable Energy,Asia,2019,High,12.700523153373734,24.76602014907878
Reforestation,Asia,2019,High,19.838266309366254,30.947695442611355
Reforestation,South America,2020,Medium,8.473226539475732,12.303124935318763
Reforestation,North America,2011,None,19.138189095153578,29.855574988439585
Renewable Energy,North America,2018,Low,5.642563326786699,11.553148411595766
Methane Capture,Europe,2013,Low,11.695803353947921,16.210383448571818
Energy Efficiency,Europe,2016,High,6.050052681995987,9.438082183913739
Energy Efficiency,North America,2023,Low,15.938521143704644,21.75608136115684
Reforestation,South America,2020,High,14.126134038200266,24.240446009551658
Reforestation,North America,2002,Low,15.599513952013947,25.552003853398848
Renewable Energy,South America,2022,Medium,10.617205999520255,19.270228889129267
Energy Efficiency,Europe,2006,High,10.542229010470704,16.4458772563343
Reforestation,Africa,2016,High,5.679789184413419,7.088376902147948
Methane Capture,Europe,2011,Medium,10.249174092944596,14.881800782955555
Methane Capture,Europe,2008,High,18.93932603393089,32.499883474225406
Reforestation,Asia,2014,Low,10.688398057706735,13.467381552710485
Reforestation,Asia,2017,Low,17.47051559332955,22.012849647595235
Energy Efficiency,Asia,2020,High,17.634882571249012,22.925347342623716
Energy Efficiency,Asia,2012,Low,10.598617345688506,11.128548212972932
Renewable Energy,South America,2020,None,14.479830205942836,23.891719839805685
Energy Efficiency,North America,2007,High,6.43057403409588,10.867670117622037
Methane Capture,Africa,2013,Medium,6.555178711014147,6.345412992261696
Methane Capture,Europe,2007,None,5.7298649549256995,7.563421740501924
Reforestation,South America,2013,High,13.715226400626642,23.53532850347532
Energy Efficiency,Africa,2006,Medium,11.391064664391456,10.024136904664482
Renewable Energy,South America,2022,Low,13.220485349963601,22.90449086881194
Methane Capture,South America,2011,Medium,12.816097857625817,17.058226248499967
Methane Capture,Europe,2010,None,10.253044866360954,13.534019223596461
Renewable Energy,North America,2021,Low,15.162101222352094,31.044402252765913
Renewable Energy,Asia,2021,High,16.37752821374586,31.936180016804432
Methane Capture,North America,2010,Low,5.219423883165136,7.836964960572453
Methane Capture,Europe,2024,High,8.108634496533174,13.91441679605093
Renewable Energy,Europe,2021,High,15.698538021250052,36.73457896972512
Methane Capture,Europe,2012,Medium,10.799302589507512,15.68058735996491
Reforestation,Africa,2017,Medium,14.937259204124123,15.773745719555075
Reforestation,North America,2001,Medium,10.204439896018377,17.510818861567532
Renewable Energy,North America,2020,None,10.861327284944556,21.179588205641885
Energy Efficiency,South America,2014,None,7.3801831053452736,8.1182014158798
Renewable Energy,South America,2019,Medium,8.8734652949924,16.10533951041121
Renewable Energy,South America,2017,None,14.081176362613808,23.233940998312786
Energy Efficiency,Europe,2014,Low,11.497446669727495,14.486782803856643
Energy Efficiency,North America,2018,Low,16.61454024416893,22.67884743329059
Energy Efficiency,Europe,2022,None,17.788774324075142,21.34652918889017
Reforestation,Africa,2023,None,13.124696273251399,12.599708422321342
Methane Capture,South America,2011,Low,16.37400938084089,20.803178918358356
Reforestation,Europe,2012,High,9.60356769791855,17.977878730503527
Methane Capture,Europe,2021,Low,11.224568231001173,15.557251568167626
Reforestation,Africa,2010,Low,15.691665143252465,15.817198464398485
Methane Capture,Asia,2004,None,10.79317989225546,11.872497881481006
Reforestation,North America,2000,Low,13.827574027384832,22.64956625685636
Energy Efficiency,Asia,2023,None,7.780591686237672,7.780591686237672
Renewable Energy,South America,2002,None,13.99656972455747,23.09434004551983
Reforestation,Europe,2021,Medium,17.922705608403405,28.389565683710995
Methane Capture,Africa,2018,Low,18.029594597351384,16.659345407952678
Energy Efficiency,Africa,2022,High,15.865166094943095,16.499772738740823
Reforestation,North America,2006,Medium,16.18630068614189,27.775691977419488
Reforestation,Asia,2011,None,13.36891167726051,16.042694012712612
Energy Efficiency,North America,2014,None,13.770021352487372,17.901027758233585
Reforestation,Europe,2024,High,7.00475872115777,13.112908326007345
Renewable Energy,North America,2004,None,11.657887826319516,22.732881261323058
Reforestation,Africa,2014,Low,11.761644258295458,11.855737412361824
Renewable Energy,Africa,2007,Medium,19.377467535016102,25.578257146221258
Renewable Energy,South America,2009,None,11.46630293934934,18.919399849926414
Energy Efficiency,South America,2015,None,13.240139673541364,14.564153640895501
Reforestation,Europe,2007,High,12.998770989186538,24.3336992917572
Energy Efficiency,Asia,2000,Low,14.551425755664907,15.278997043448152
Reforestation,North America,2011,None,16.22349246997844,25.308648253166368
Reforestation,Europe,2004,High,8.375628142563082,15.67917588287809
Methane Capture,South America,2002,None,12.930866286476537,15.646348206636613
Reforestation,North America,2000,High,17.388765609740457,35.26441665655365
Energy Efficiency,South America,2003,High,11.946720707562672,17.083810611814624
Renewable Energy,North America,2007,Low,9.176863195603595,18.789627392998362
Reforestation,Asia,2002,None,14.820636130344486,17.784763356413382
Methane Capture,Europe,2009,Low,17.356510936986844,24.056124158663767
Energy Efficiency,North America,2001,High,5.94710439391087,10.05060642570937
Reforestation,Africa,2010,Medium,16.651857251108407,17.584361257170478
Energy Efficiency,Africa,2024,None,17.32471899442657,13.859775195541255
Methane Capture,North America,2009,Medium,11.922843913829102,18.754633476453183
Methane Capture,North America,2020,None,19.74958485227701,28.241906338756127
Energy Efficiency,North America,2013,Low,16.800625110609637,22.932853275982154
Reforestation,Africa,2006,Low,16.604938473434984,16.737777981222465
Renewable Energy,Africa,2001,Low,16.21757861618108,20.43414905638816
Methane Capture,North America,2008,Low,7.25912154827411,10.899571004733579
Reforestation,South America,2015,Low,8.258463296795162,11.446230129358096
Reforestation,South America,2012,Medium,11.959851971966376,17.36570506329518
Renewable Energy,Asia,2008,Low,8.960065249391988,14.112102767792383
Methane Capture,Europe,2019,High,11.228614585010607,19.268302627878203
Methane Capture,South America,2003,High,18.32696164884381,28.828310673631318
Reforestation,Africa,2021,Medium,17.364903378189037,18.337337967367624
Reforestation,South America,2009,None,14.450598177199733,19.07478959390365
Renewable Energy,Asia,2021,High,17.87180591376655,34.850021531844774
Renewable Energy,Asia,2011,None,16.75658583525874,25.13487875288811
Methane Capture,Europe,2016,Medium,11.434773977613357,16.603291815494597
Energy Efficiency,South America,2013,None,8.015977280749176,8.817575008824095
Methane Capture,Africa,2013,None,12.71301560014009,11.18745372812328
Reforestation,Africa,2024,None,16.04343323792825,15.401695908411122
Methane Capture,North America,2001,None,11.546293980943895,16.511200392749775
Energy Efficiency,Africa,2020,Medium,15.001578646758459,13.201389209147447
Renewable Energy,Europe,2024,High,6.414911394365655,15.010892662815635
Energy Efficiency,Europe,2019,Low,16.220071045571054,20.437289517419526
Energy Efficiency,Africa,2010,None,17.19070429839593,13.752563438716743
Energy Efficiency,Africa,2015,High,15.602567836708117,16.226670550176443
Renewable Energy,North America,2018,High,19.508953812895484,49.45519791569006
Energy Efficiency,Africa,2022,Medium,17.399780861909605,15.311807158480455
Energy Efficiency,North America,2005,High,18.546405918148075,31.34342600167025
Energy Efficiency,North America,2023,Medium,19.00356625186472,27.17509974016655
Reforestation,Africa,2018,None,17.020219878107127,16.339411082982842
Energy Efficiency,Asia,2004,None,15.113882630097487,15.113882630097487
Renewable Energy,Asia,2003,Low,5.085778720411839,8.010101484648647
Energy Efficiency,North America,2014,Low,11.98738629834687,16.362782297243477
Energy Efficiency,Africa,2003,Low,13.567434479335414,11.39664496264175
Renewable Energy,Asia,2019,High,9.560454086719995,18.64288546910399
Energy Efficiency,Africa,2009,None,9.77156670355208,7.817253362841665
Renewable Energy,Africa,2023,Medium,19.417391235652477,25.630956431061275
Energy Efficiency,Africa,2021,Low,18.375662978041188,15.4355569015546
Renewable Energy,South America,2002,Medium,17.737685082525566,32.19389842478391
Energy Efficiency,Africa,2004,Medium,11.09017702559166,9.759355782520661
Energy Efficiency,South America,2005,Low,5.205478256133718,6.012327385834444
Reforestation,North America,2020,None,6.203333696835712,9.677200567063709
Reforestation,Asia,2021,Low,9.682945523264054,12.200511359312708
Energy Efficiency,Asia,2007,Medium,5.236143694935155,5.759758064428671
Energy Efficiency,Asia,2006,Low,5.257246728727972,5.5201090651643705
Methane Capture,Asia,2020,Medium,18.749049524636163,22.68634992480976
